Workbook
Name Company: 'Transactions '!$C$2:$C$12
Name currency: 'Transactions '!$I$3:$I$12
Name Date: 'Transactions '!$B$3:$B$12
Name IndustryLookup: industry_lookup[#All]
Name Price: 'Transactions '!$G$3:$G$12
Name Ticker: 'Transactions '!$D$3:$D$12
Name ttl_transaction_amt: 'Transactions '!$H$3:$H$12
Name Units: 'Transactions '!$F$3:$F$12

Sheet Dashboard
B2: Stock Portfolio Tracker | G2: Portfolio Value | H2: ₹ Day Change | I2: Gain /Loss
G3: =SUM(_xlfn.ANCHORARRAY(H8)) -> 339450 | H3: =SUM(_xlfn.ANCHORARRAY(J8)) -> 450 | I3: =SUM(_xlfn.ANCHORARRAY(K8)) -> 32553
B6: Current Holdings
B7: Company | C7: Ticker | D7: Industry | F7: Quantity | G7: Current Price | H7: Market Value | I7: % Breakdown | J7: ₹ Day Change | K7: Gain/Loss | L7: 52 Week High | M7: 52 Week Low
B8: {=_xlfn.UNIQUE(_xlfn._xlws.FILTER('Transactions '!C3:C12,SUMIFS(Units,'Transactions '!C3:C12,'Transactions '!C3:C12)>0))} -> Reliance Industries Ltd | C8: {=_xlfn.UNIQUE(_xlfn._xlws.FILTER('Transactions '!D3:D12,SUMIFS(Units,'Transactions '!D3:D12,'Transactions '!D3:D12)>0))} -> RELIANCE | D8: =_xlfn.XLOOKUP(C8, industry_lookup[Ticker],industry_lookup[Industry]) -> Oil & Gas | F8: {=SUMIFS(Units,Ticker,_xlfn.ANCHORARRAY(Dashboard!C8))} -> 30 | G8: {=_xlfn.XLOOKUP(_xlfn.ANCHORARRAY(C8),industry_lookup[Ticker],industry_lookup[Current Price])} -> 1520 | H8: {=_xlfn.ANCHORARRAY(G8)*_xlfn.ANCHORARRAY(F8)} -> 45600 | I8: {=_xlfn.ANCHORARRAY(H8)/SUM(_xlfn.ANCHORARRAY(H8))} -> 0.13433495 | J8: {=(_xlfn.ANCHORARRAY(G8)-industry_lookup[Previous Close])*_xlfn.ANCHORARRAY(F8)} -> 360 | K8: {=_xlfn.ANCHORARRAY(H8)-SUMIFS(ttl_transaction_amt,Table2[Company],_xlfn.ANCHORARRAY(Dashboard!B8))} -> 11241 | L8: {=industry_lookup[52W High]} -> 1608 | M8: {=industry_lookup[52W Low]} -> 1217
B9: Tata Consultancy Services | C9: TCS | D9: =_xlfn.XLOOKUP(C9, industry_lookup[Ticker],industry_lookup[Industry]) -> Information Technology | F9: 30 | G9: 4180 | H9: 125400 | I9: 0.36942112 | J9: -750 | K9: 7195 | L9: 4593 | M9: 3311
B10: HDFC Bank Ltd | C10: HDFCBANK | D10: =_xlfn.XLOOKUP(C10, industry_lookup[Ticker],industry_lookup[Industry]) -> Banking & Financial Services | F10: 60 | G10: 1850 | H10: 111000 | I10: 0.32699956 | J10: 480 | K10: 7865 | L10: 1881 | M10: 1363
B11: Wipro Ltd | C11: WIPRO | D11: =_xlfn.XLOOKUP(C11, industry_lookup[Ticker],industry_lookup[Industry]) -> Information Technology | F11: 20 | G11: 265 | H11: 5300 | I11: 0.015613492 | J11: -60 | K11: -1000 | L11: 320 | M11: 208
B12: ICICI Bank Ltd | C12: ICICIBANK | D12: =_xlfn.XLOOKUP(C12, industry_lookup[Ticker],industry_lookup[Industry]) -> Banking & Financial Services | F12: 35 | G12: 1490 | H12: 52150 | I12: 0.15363087 | J12: 420 | K12: 7252 | L12: 1542 | M12: 1039
B14: Portfolio Breakdown | E14: Gain / (Loss) Breakdown | I14: Historical Performance
I16: Stock Lookup -> | J16: RELIANCE | L16: Time Period (months) -> | M16: 12
I18: =M16&"-Month Trailing Closing Prices" -> 12-Month Trailing Closing Prices
I33: Comparison -> | J33: TCS
I35: =M16&"-Month Trailing Closing Prices" -> 12-Month Trailing Closing Prices

Sheet Transactions 
B2: Date | C2: Company | D2: Ticker | E2: Transaction Type | F2: Units | G2: Price (₹) | H2: Total Transaction Amount (₹) | I2: Currency | L2: Ticker | M2: Industry | N2: Current Price | O2: Previous Close | P2: 52W High | Q2: 52W Low | R2: Current Price
B3: 45658 | C3: Reliance Industries Ltd | D3: RELIANCE | E3: BUY | F3: 50 | G3: 1245.5 | H3: 62275 | I3: INR | L3: RELIANCE | M3: Oil & Gas | N3: =R3 -> 1520 | O3: 1508 | P3: 1608 | Q3: 1217 | R3: 1520
B4: 45703 | C4: Tata Consultancy Services | D4: TCS | E4: BUY | F4: 20 | G4: 3850.25 | H4: 77005 | I4: INR | L4: TCS | M4: Information Technology | N4: =R4 -> 4180 | O4: 4205 | P4: 4593 | Q4: 3311 | R4: 4180
B5: 45757 | C5: HDFC Bank Ltd | D5: HDFCBANK | E5: BUY | F5: 40 | G5: 1685.75 | H5: 67430 | I5: INR | L5: HDFCBANK | M5: Banking & Financial Services | N5: =R5 -> 1850 | O5: 1842 | P5: 1881 | Q5: 1363 | R5: 1850
B6: 45828 | C6: Wipro Ltd | D6: WIPRO | E6: BUY | F6: 35 | G6: 300 | H6: 10500 | I6: INR | L6: WIPRO | M6: Information Technology | N6: 265 | O6: 268 | P6: 320 | Q6: 208 | R6: 1720
B7: 45874 | C7: ICICI Bank Ltd | D7: ICICIBANK | E7: BUY | F7: 45 | G7: 1325.6 | H7: 59652 | I7: INR | L7: ICICIBANK | M7: Banking & Financial Services | N7: =R7 -> 1490 | O7: 1478 | P7: 1542 | Q7: 1039 | R7: 1490
B8: 45918 | C8: Reliance Industries Ltd | D8: RELIANCE | E8: SELL | F8: -20 | G8: 1395.8 | H8: -27916 | I8: INR
B9: 45942 | C9: Tata Consultancy Services | D9: TCS | E9: BUY | F9: 10 | G9: 4120 | H9: 41200 | I9: INR
B10: 45969 | C10: Wipro Ltd | D10: WIPRO | E10: SELL | F10: -15 | G10: 280 | H10: -4200 | I10: INR
B11: 46006 | C11: HDFC Bank Ltd | D11: HDFCBANK | E11: BUY | F11: 20 | G11: 1785.25 | H11: 35705 | I11: INR
B12: 46042 | C12: ICICI Bank Ltd | D12: ICICIBANK | E12: SELL | F12: -10 | G12: 1475.4 | H12: -14754 | I12: INR

Sheet Charting
K1: Helper Number | L1: Date | M1: Stock Price | N1: Comparison stock Price
B2: Actual | E2: Comparison | K2: 1 | L2: {=IFERROR( INDEX(Historical_Data[Date], ROWS(Historical_Data[Date])-$C$5+K2), "" )} -> 45839 | M2: {=IFERROR( INDEX(_xlfn.ANCHORARRAY($I$10),ROWS(_xlfn.ANCHORARRAY($I$10))-$C$5+K2), "" )} -> 1385 | N2: {=IFERROR( INDEX(_xlfn.ANCHORARRAY($P$10),ROWS(_xlfn.ANCHORARRAY($P$10))-$C$5+K2), "" )} -> 3850
K3: 2 | L3: {=IFERROR( INDEX(Historical_Data[Date], ROWS(Historical_Data[Date])-$C$5+K3), "" )} -> 45870 | M3: {=IFERROR( INDEX(_xlfn.ANCHORARRAY($I$10),ROWS(_xlfn.ANCHORARRAY($I$10))-$C$5+K3), "" )} -> 1405 | N3: {=IFERROR( INDEX(_xlfn.ANCHORARRAY($P$10),ROWS(_xlfn.ANCHORARRAY($P$10))-$C$5+K3), "" )} -> 3925
B4: Ticker -> | C4: =Dashboard!J16 -> RELIANCE | E4: Company -> | F4: {=Dashboard!J33:K33} -> TCS | G4: 0 | K4: 3 | L4: {=IFERROR( INDEX(Historical_Data[Date], ROWS(Historical_Data[Date])-$C$5+K4), "" )} -> 45901 | M4: {=IFERROR( INDEX(_xlfn.ANCHORARRAY($I$10),ROWS(_xlfn.ANCHORARRAY($I$10))-$C$5+K4), "" )} -> 1420 | N4: {=IFERROR( INDEX(_xlfn.ANCHORARRAY($P$10),ROWS(_xlfn.ANCHORARRAY($P$10))-$C$5+K4), "" )} -> 3980
B5: Months -> | C5: =Dashboard!M16 -> 12 | E5: Months -> | F5: =C5 -> 12 | K5: 4 | L5: {=IFERROR( INDEX(Historical_Data[Date], ROWS(Historical_Data[Date])-$C$5+K5), "" )} -> 45931 | M5: {=IFERROR( INDEX(_xlfn.ANCHORARRAY($I$10),ROWS(_xlfn.ANCHORARRAY($I$10))-$C$5+K5), "" )} -> 1450 | N5: {=IFERROR( INDEX(_xlfn.ANCHORARRAY($P$10),ROWS(_xlfn.ANCHORARRAY($P$10))-$C$5+K5), "" )} -> 4040
K6: 5 | L6: {=IFERROR( INDEX(Historical_Data[Date], ROWS(Historical_Data[Date])-$C$5+K6), "" )} -> 45962 | M6: {=IFERROR( INDEX(_xlfn.ANCHORARRAY($I$10),ROWS(_xlfn.ANCHORARRAY($I$10))-$C$5+K6), "" )} -> 1465 | N6: {=IFERROR( INDEX(_xlfn.ANCHORARRAY($P$10),ROWS(_xlfn.ANCHORARRAY($P$10))-$C$5+K6), "" )} -> 4095
K7: 6 | L7: {=IFERROR( INDEX(Historical_Data[Date], ROWS(Historical_Data[Date])-$C$5+K7), "" )} -> 45992 | M7: {=IFERROR( INDEX(_xlfn.ANCHORARRAY($I$10),ROWS(_xlfn.ANCHORARRAY($I$10))-$C$5+K7), "" )} -> 1480 | N7: {=IFERROR( INDEX(_xlfn.ANCHORARRAY($P$10),ROWS(_xlfn.ANCHORARRAY($P$10))-$C$5+K7), "" )} -> 4140
B8: {=_xlfn.STOCKHISTORY(C4,EDATE(TODAY(),-C5),TODAY())} -> #VALUE! | K8: 7 | L8: {=IFERROR( INDEX(Historical_Data[Date], ROWS(Historical_Data[Date])-$C$5+K8), "" )} -> 46023 | M8: {=IFERROR( INDEX(_xlfn.ANCHORARRAY($I$10),ROWS(_xlfn.ANCHORARRAY($I$10))-$C$5+K8), "" )} -> 1495 | N8: {=IFERROR( INDEX(_xlfn.ANCHORARRAY($P$10),ROWS(_xlfn.ANCHORARRAY($P$10))-$C$5+K8), "" )} -> 4170
K9: 8 | L9: {=IFERROR( INDEX(Historical_Data[Date], ROWS(Historical_Data[Date])-$C$5+K9), "" )} -> 46054 | M9: {=IFERROR( INDEX(_xlfn.ANCHORARRAY($I$10),ROWS(_xlfn.ANCHORARRAY($I$10))-$C$5+K9), "" )} -> 1510 | N9: {=IFERROR( INDEX(_xlfn.ANCHORARRAY($P$10),ROWS(_xlfn.ANCHORARRAY($P$10))-$C$5+K9), "" )} -> 4210
B10: Date | C10: RELIANCE | D10: TCS | E10: HDFCBANK | F10: WIPRO | G10: ICICIBANK | I10: {=_xlfn.XLOOKUP(C4,Historical_Data[[#Headers],[RELIANCE]:[ICICIBANK]],Historical_Data[[RELIANCE]:[ICICIBANK]])} -> 1385 | K10: 9 | L10: {=IFERROR( INDEX(Historical_Data[Date], ROWS(Historical_Data[Date])-$C$5+K10), "" )} -> 46082 | M10: {=IFERROR( INDEX(_xlfn.ANCHORARRAY($I$10),ROWS(_xlfn.ANCHORARRAY($I$10))-$C$5+K10), "" )} -> 1500 | N10: {=IFERROR( INDEX(_xlfn.ANCHORARRAY($P$10),ROWS(_xlfn.ANCHORARRAY($P$10))-$C$5+K10), "" )} -> 4195 | P10: {=_xlfn.XLOOKUP( F4, Historical_Data[[#Headers],[RELIANCE]:[ICICIBANK]], Historical_Data[[RELIANCE]:[ICICIBANK]] )} -> 3850
B11: 45839 | C11: 1385 | D11: 3850 | E11: 1680 | F11: 305 | G11: 1320 | I11: 1405 | K11: 10 | L11: {=IFERROR( INDEX(Historical_Data[Date], ROWS(Historical_Data[Date])-$C$5+K11), "" )} -> 46113 | M11: {=IFERROR( INDEX(_xlfn.ANCHORARRAY($I$10),ROWS(_xlfn.ANCHORARRAY($I$10))-$C$5+K11), "" )} -> 1515 | N11: {=IFERROR( INDEX(_xlfn.ANCHORARRAY($P$10),ROWS(_xlfn.ANCHORARRAY($P$10))-$C$5+K11), "" )} -> 4215 | P11: 3925
B12: 45870 | C12: 1405 | D12: 3925 | E12: 1705 | F12: 298 | G12: 1345 | I12: 1420 | K12: 11 | L12: {=IFERROR( INDEX(Historical_Data[Date], ROWS(Historical_Data[Date])-$C$5+K12), "" )} -> 46143 | M12: {=IFERROR( INDEX(_xlfn.ANCHORARRAY($I$10),ROWS(_xlfn.ANCHORARRAY($I$10))-$C$5+K12), "" )} -> 1518 | N12: {=IFERROR( INDEX(_xlfn.ANCHORARRAY($P$10),ROWS(_xlfn.ANCHORARRAY($P$10))-$C$5+K12), "" )} -> 4190 | P12: 3980
B13: 45901 | C13: 1420 | D13: 3980 | E13: 1725 | F13: 294 | G13: 1360 | I13: 1450 | K13: 12 | L13: {=IFERROR( INDEX(Historical_Data[Date], ROWS(Historical_Data[Date])-$C$5+K13), "" )} -> 46174 | M13: {=IFERROR( INDEX(_xlfn.ANCHORARRAY($I$10),ROWS(_xlfn.ANCHORARRAY($I$10))-$C$5+K13), "" )} -> 1520 | N13: {=IFERROR( INDEX(_xlfn.ANCHORARRAY($P$10),ROWS(_xlfn.ANCHORARRAY($P$10))-$C$5+K13), "" )} -> 4180 | P13: 4040
B14: 45931 | C14: 1450 | D14: 4040 | E14: 1750 | F14: 290 | G14: 1385 | I14: 1465 | P14: 4095
B15: 45962 | C15: 1465 | D15: 4095 | E15: 1775 | F15: 286 | G15: 1405 | I15: 1480 | P15: 4140
B16: 45992 | C16: 1480 | D16: 4140 | E16: 1790 | F16: 282 | G16: 1425 | I16: 1495 | P16: 4170
B17: 46023 | C17: 1495 | D17: 4170 | E17: 1810 | F17: 278 | G17: 1440 | I17: 1510 | P17: 4210
B18: 46054 | C18: 1510 | D18: 4210 | E18: 1825 | F18: 275 | G18: 1455 | I18: 1500 | P18: 4195
B19: 46082 | C19: 1500 | D19: 4195 | E19: 1815 | F19: 272 | G19: 1445 | I19: 1515 | P19: 4215
B20: 46113 | C20: 1515 | D20: 4215 | E20: 1830 | F20: 270 | G20: 1460 | I20: 1518 | P20: 4190
B21: 46143 | C21: 1518 | D21: 4190 | E21: 1840 | F21: 268 | G21: 1475 | I21: 1520 | P21: 4180
B22: 46174 | C22: 1520 | D22: 4180 | E22: 1850 | F22: 265 | G22: 1490
